Platform,Release,Date,Checked_On
iPadOS,iPadOS,2025-08-21,2025-08-21 02:21:12 UTC
macOS,macOS,2025-08-21,2025-08-21 02:21:12 UTC
Windows,Windows 11 release information,2025-08-21,2025-08-21 02:21:12 UTC
Windows,"How to get Windows 11, version 24H2",2025-08-21,2025-08-21 02:21:12 UTC
Windows,Windows 11 release information,2025-08-21,2025-08-21 02:21:12 UTC
Windows,"How to get Windows 11, version 23H2",2025-08-21,2025-08-21 02:21:12 UTC
Windows,Windows 11 release information,2025-08-21,2025-08-21 02:21:12 UTC
Windows,"How to get Windows 11, version 22H2",2025-08-21,2025-08-21 02:21:12 UTC
Windows,Windows 10 release information,2025-08-21,2025-08-21 02:21:12 UTC
Windows,"How to get Windows 10, version 22H2",2025-08-21,2025-08-21 02:21:12 UTC
